{"cameraMode":{"drawMode":0,"name":"Shaded","section":"Shading Mode"},"sceneLighting":false,"audioPlay":false,"sceneViewState":{"m_AlwaysRefresh":false,"showFog":true,"showSkybox":false,"showFlares":true,"showImageEffects":true,"showParticleSystems":true,"showVisualEffectGraphs":true,"m_FxEnabled":true},"in2DMode":false,"pivot":{"x":-327.8028259277344,"y":71.15567779541016,"z":11.137640953063965},"rotation":{"x":0.005061252973973751,"y":0.7533004879951477,"z":-0.003957787994295359,"w":0.6579428911209106},"size":1.415097951889038,"orthographic":false}