{"cameraMode":{"drawMode":0,"name":"Shaded","section":"Shading Mode"},"sceneLighting":true,"audioPlay":false,"sceneViewState":{"m_AlwaysRefresh":false,"showFog":true,"showSkybox":true,"showFlares":true,"showImageEffects":true,"showParticleSystems":true,"showVisualEffectGraphs":true,"m_FxEnabled":true},"in2DMode":false,"pivot":{"x":193.36648559570313,"y":386.88079833984377,"z":-1062.64990234375},"rotation":{"x":0.045394618064165118,"y":0.012264988385140896,"z":0.005195512901991606,"w":0.9995752573013306},"size":1.495740294456482,"orthographic":false}