{"cameraMode":{"drawMode":0,"name":"Shaded","section":"Shading Mode"},"sceneLighting":false,"audioPlay":false,"sceneViewState":{"m_AlwaysRefresh":false,"showFog":true,"showSkybox":false,"showFlares":true,"showImageEffects":true,"showParticleSystems":true,"showVisualEffectGraphs":true,"m_FxEnabled":true},"in2DMode":false,"pivot":{"x":2.8505947589874269,"y":0.24183440208435059,"z":-3.5948710441589357},"rotation":{"x":0.08498574048280716,"y":0.8130868077278137,"z":-0.1233612671494484,"w":0.5632071495056152},"size":1.4297763109207154,"orthographic":false}