{"cameraMode":{"drawMode":0,"name":"Shaded","section":"Shading Mode"},"sceneLighting":false,"audioPlay":false,"sceneViewState":{"m_AlwaysRefresh":false,"showFog":true,"showSkybox":false,"showFlares":true,"showImageEffects":true,"showParticleSystems":true,"showVisualEffectGraphs":true,"m_FxEnabled":true},"in2DMode":false,"pivot":{"x":0.2991524934768677,"y":0.14614146947860719,"z":0.71124666929245},"rotation":{"x":0.014553581364452839,"y":-0.9722990989685059,"z":0.224458247423172,"w":0.0673835501074791},"size":0.13798150420188905,"orthographic":false}