{"cameraMode":{"drawMode":0,"name":"Shaded","section":"Shading Mode"},"sceneLighting":false,"audioPlay":false,"sceneViewState":{"m_AlwaysRefresh":false,"showFog":true,"showSkybox":false,"showFlares":true,"showImageEffects":true,"showParticleSystems":true,"showVisualEffectGraphs":true,"m_FxEnabled":true},"in2DMode":false,"pivot":{"x":3.137446403503418,"y":-9.530898094177246,"z":-16.583925247192384},"rotation":{"x":0.022618982940912248,"y":0.9650108218193054,"z":-0.24569863080978394,"w":0.08884022384881973},"size":12.12435531616211,"orthographic":false}